Workbook

Sheet Summary
A1: Kusina Kode — Mobile Stress Test
A2: Run 5 Oct 2026 on an Android emulator. Blue = measured value, black = formula.
A4: Device | B4: Android emulator 'Medium Phone', Android 16 (API 36), 1080 × 2400, 2 GB RAM (low-end profile)
A5: App build | B5: Kusina Kode 1.25 debug build (slower than the release APK players install)
A6: Account | B6: Test player account (Chef nick), logged in
A7: Server impact | B7: None. Read-only scenario: navigation, scrolling, typing and erasing letters. No guess was submitted; no purchase, spin or sign-up.
A8: Tools | B8: Android dumpsys gfxinfo (frames), dumpsys meminfo (memory), am start -W (startup), dropbox ANR reports
A9: Scenario | B9: Five screens (Home, Game Map, Learn + dish page, Pantry, Puzzle board), each measured on its own; then five full loops through all of them.
A11: Key results
A12: Cold start (quiet phone) | B12: ='Startup'!C12
A13: Warm start | B13: ='Startup'!C13
A14: Janky frames, sustained run | B14: ='Sustained'!B5
A15: Memory trend over the sustained run | B15: ='Sustained'!C21
A16: Crashes / freezes during play | B16: ='Sustained'!B11
A17: Startup freezes found | B17: 2 (both right after the emulator booted) — see 'Startup freezes'
A19: Limitations | B19: Emulator + debug build give worst-case numbers. Frame medians of 17–24 ms are typical of emulators and do not mean real phones run below 60 fps. A run on a real Android phone with the release APK gives definitive figures.

Sheet Startup
A1: App startup time (ms)
A2: am start -W TotalTime. Cold = app fully closed. Warm = brought back from the background.
A4: Run | B4: Cold — before fix | C4: Cold — after fix | D4: Warm — before fix | E4: Warm — after fix
A5: Run 1 | B5: 2824 | C5: 3089 | D5: 127 | E5: 152
A6: Run 2 | B6: 2609 | C6: 2463 | D6: 146 | E6: 142
A7: Run 3 | B7: 2516 | C7: 2439 | D7: 170 | E7: 139
A8: Run 4 | B8: 2389 | C8: 2671 | D8: 160 | E8: 165
A9: Run 5 | B9: 2801 | C9: 2439 | D9: 84 | E9: 150
A10: Average | B10: =AVERAGE(B5:B9) | C10: =AVERAGE(C5:C9) | D10: =AVERAGE(D5:D9) | E10: =AVERAGE(E5:E9)
A11: Fastest | B11: =MIN(B5:B9) | C11: =MIN(C5:C9) | D11: =MIN(D5:D9) | E11: =MIN(E5:E9)
A12: Cold start, after fix (avg) | B12: =MAX(B5:B9) | C12: =TEXT(C10/1000,"0.0")&" s" | D12: =MAX(D5:D9) | E12: =MAX(E5:E9)
A13: Warm start, after fix (avg) | C13: =TEXT(E10/1000,"0.00")&" s"
A16: Cold start with the CPU maxed out (six busy loops inside the emulator)
A17: Run | B17: Old startup code | C17: Fixed startup code
A18: Run 1 | B18: 5931 | C18: 7611
A19: Run 2 | B19: 6086 | C19: 5928
A20: Run 3 | B20: 6482 | C20: 6183
A21: Average | B21: =AVERAGE(B18:B20) | C21: =AVERAGE(C18:C20)
A22: Freezes (ANR) during these runs | B22: 0 | C22: 0
A24: Reading: on a quiet phone startup is unchanged by the fix (the noise between runs is larger than any difference). Maxing out the CPU did not reproduce the freeze in either version, so this test cannot prove the fix prevents it; see 'Startup freezes'.

Sheet Per screen
A1: Frames and memory per screen
A2: dumpsys gfxinfo, reset before each screen. Janky = frame that missed its display deadline.
A4: Screen | B4: Seconds | C4: Frames | D4: Janky frames | E4: Janky % | F4: Median frame (ms) | G4: 90th pct (ms) | H4: 95th pct (ms) | I4: 99th pct (ms) | J4: Slow UI-thread frames | K4: Memory (PSS, MB)
A5: Home | B5: 26 | C5: 948 | D5: 41 | E5: =D5/C5 | F5: 18 | G5: 24 | H5: 29 | I5: 36 | J5: 4 | K5: =178342/1024
A6: Game Map | B6: 87 | C6: 5026 | D6: 66 | E6: =D6/C6 | F6: 23 | G6: 29 | H6: 32 | I6: 53 | J6: 39 | K6: =174899/1024
A7: Learn + dish page | B7: 64 | C7: 1318 | D7: 77 | E7: =D7/C7 | F7: 17 | G7: 26 | H7: 32 | I7: 57 | J7: 21 | K7: =235068/1024
A8: Pantry | B8: 40 | C8: 1558 | D8: 30 | E8: =D8/C8 | F8: 22 | G8: 27 | H8: 31 | I8: 53 | J8: 17 | K8: =307126/1024
A9: Puzzle board | B9: 52 | C9: 2451 | D9: 82 | E9: =D9/C9 | F9: 24 | G9: 34 | H9: 42 | I9: 69 | J9: 51 | K9: =191830/1024
A10: All screens | B10: =SUM(B5:B9) | C10: =SUM(C5:C9) | D10: =SUM(D5:D9) | E10: =D10/C10 | I10: =MAX(I5:I9) | K10: =MAX(K5:K9)
A12: Under ~10% janky frames generally feels smooth. Highest jank: Learn + dish page; slowest worst-case frames: Puzzle board (fast typing with tile animations); most memory: Pantry (many ingredient pictures).

Sheet Sustained
A1: Sustained play: five full loops through all five screens
A2: Fixed build, clean run (one script only).
A3: Frames drawn | B3: 57679
A4: Janky frames | B4: 1230
A5: Janky % | B5: =B4/B3
A6: Median frame (ms) | B6: 22
A7: 90th percentile (ms) | B7: 30
A8: 95th percentile (ms) | B8: 32
A9: 99th percentile (ms) | B9: 48
A11: Crash / freeze reports during the run | B11: 0
A13: Loop | B13: Elapsed (s) | C13: Memory (PSS, MB)
A14: Start | B14: 0 | C14: =173237/1024
A15: After loop 1 | B15: 286 | C15: =192365/1024
A16: After loop 2 | B16: 560 | C16: =198029/1024
A17: After loop 3 | B17: 833 | C17: =196037/1024
A18: After loop 4 | B18: 1099 | C18: =197042/1024
A19: After loop 5 | B19: 1366 | C19: =194990/1024
A21: Memory trend | C21: =IF(MAX(C15:C19)-MIN(C15:C19)<=15,"Flat (no leak)","Rising — check for a leak")
A22: Change from loop 1 to the last loop (MB) | C22: =C19-C15

Sheet Startup freezes
A1: Startup freezes (Android 'isn't responding' reports)
A3: # | B3: When | C3: Phone CPU busy | D3: System (kernel) share | E3: Android's reason | F3: Where the app was waiting
A4: 1 | B4: 2026-10-05 00:28:03.665 | C4: 96% | D4: 76% | E4: Process failed to complete startup | F4: Main thread waiting for a saved-settings file to load: ReelCatalogStore.warm (line 46), called from KusinaKodeApp.onCreate
A5: 2 | B5: 2026-10-05 00:38:47.057 | C5: 97% | D5: 74% | E5: Process failed to complete startup | F5: Main thread waiting for a saved-settings file to load: ReelCatalogStore.warm (line 46), called from KusinaKodeApp.onCreate
A7: When | C7: Both right after the emulator booted, while the phone was still settling.
A8: Likely cause | C8: A very busy phone, mostly the system itself (about 75% of CPU in the kernel), which points to memory being swapped to disk. The app's startup code was reading files on the main thread at that moment, so it could not draw its first screen.
A9: Fix (1.26, not yet released) | C9: Reading the reel list, creating notification channels and scheduling play reminders now happen on a background thread, so the first screen does not wait for them.
A10: Verification | C10: Unit tests pass. Notification channels confirmed. With the CPU maxed out, neither the old nor the fixed code froze, so the original freeze could not be recreated on demand; the fix removes the file reads Android caught, but it is not proven by this test.
A11: During normal play | C11: No freezes or crashes in the sustained run.
