Workbook

Sheet Summary
A1: Kusina Kode - Instrumented UI Test
A2: Run 10 Oct 2026. Blue = measured value, black = formula.
A4: Test file | B4: app/src/androidTest/java/com/example/kusinakode/GameNavigationStressTest.kt
A5: Tool | B5: Jetpack Compose UI Test (ui-test-junit4, built on Espresso), AndroidJUnitRunner
A6: Device | B6: Android emulator 'Medium Phone', Android 16
A7: App build | B7: Kusina Kode 1.27 (debug build), signed in as a test player
A8: Runs | B8: 3 full runs of both tests
A9: Server impact | B9: None. Letters are typed and erased, but ENTER is never pressed, so no attempt, purchase, spin or claim reaches the server.
A11: Ref | B11: Test case | C11: What it checks | D11: Pass condition | E11: Runs passed | F11: Result
A12: I-055 | B12: Compose UI / navigation | C12: Opens each bottom-bar tab (Game Map, Learn, Wallet, Profile, Home), 3 times round per run, and waits for that screen's own content | D12: Every tab shows its content within 15 s and the bottom bar is still there (no crash or freeze) | E12: =COUNTIF('Tab opens'!F:F,"Pass")/15&" of 3" | F12: =IF(COUNTIF('Tab opens'!F:F,"Pass")=45,"PASS","FAIL")
A13: I-048 | B13: Mobile rendering under sustained play | C13: 50 cycles of typing ADOBO and erasing it on a live round (500 key presses per run) | D13: After each word all 5 letters are on the board; after erasing they are all gone | E13: =COUNTIF('Sustained play'!G5:G7,"Pass")&" of 3" | F13: =IF(COUNTIF('Sustained play'!G5:G7,"Pass")=3,"PASS","FAIL")
A16: Key results
A17: Tab opens, total | B17: =COUNT('Tab opens'!E5:E49)
A18: Tab opens failed | B18: =COUNTIF('Tab opens'!F5:F49,"Fail")
A19: Average tab open (ms) | B19: =ROUND(AVERAGE('Tab opens'!E5:E49),0)
A20: Slowest tab open (ms) | B20: =MAX('Tab opens'!E5:E49)
A21: Type-and-erase cycles, total | B21: ='Sustained play'!B8
A22: Key presses, total | B22: ='Sustained play'!C8
A23: Board mismatches | B23: ='Sustained play'!F8
A24: Average time per cycle (s) | B24: ='Sustained play'!E8
A26: Limitations | B26: Compose pauses looping animations while a UI test runs, so this proves the screens open and the round keeps responding; it does not measure smoothness. Frame timing (jank) is in the mobile stress test workbook (real vivo V17 Pro). Run on an emulator only; times on a real phone will differ.
A27: Read with | B27: Kusina-Kode-Stress-Test-2026-10-05.xlsx. Raw logs: docs/testing/instrumented-2026-10-10/ in the app repo.

Sheet Tab opens
A1: I-055 - time for each bottom-bar tab to open and show its content
A2: From tap to the screen's own content being on screen (Game Map: island names; Learn: 'See all'; Home: Continue / Play Now).
A4: Run | B4: Loop | C4: Tab | D4: Order | E4: Time (ms) | F4: Result | H4: Per tab
A5: 1 | B5: 1 | C5: Game Map | D5: 1 | E5: 387 | F5: =IF(E5<=15000,"Pass","Fail") | H5: Tab | I5: Opens | J5: Average (ms) | K5: Fastest (ms) | L5: Slowest (ms)
A6: 1 | B6: 1 | C6: Learn | D6: 2 | E6: 496 | F6: =IF(E6<=15000,"Pass","Fail") | H6: Game Map | I6: =COUNTIF($C$5:$C$49,H6) | J6: =ROUND(AVERAGEIF($C$5:$C$49,H6,$E$5:$E$49),0) | K6: =_xlfn.MINIFS($E$5:$E$49,$C$5:$C$49,H6) | L6: =_xlfn.MAXIFS($E$5:$E$49,$C$5:$C$49,H6)
A7: 1 | B7: 1 | C7: Wallet | D7: 3 | E7: 426 | F7: =IF(E7<=15000,"Pass","Fail") | H7: Learn | I7: =COUNTIF($C$5:$C$49,H7) | J7: =ROUND(AVERAGEIF($C$5:$C$49,H7,$E$5:$E$49),0) | K7: =_xlfn.MINIFS($E$5:$E$49,$C$5:$C$49,H7) | L7: =_xlfn.MAXIFS($E$5:$E$49,$C$5:$C$49,H7)
A8: 1 | B8: 1 | C8: Profile | D8: 4 | E8: 462 | F8: =IF(E8<=15000,"Pass","Fail") | H8: Wallet | I8: =COUNTIF($C$5:$C$49,H8) | J8: =ROUND(AVERAGEIF($C$5:$C$49,H8,$E$5:$E$49),0) | K8: =_xlfn.MINIFS($E$5:$E$49,$C$5:$C$49,H8) | L8: =_xlfn.MAXIFS($E$5:$E$49,$C$5:$C$49,H8)
A9: 1 | B9: 1 | C9: Home | D9: 5 | E9: 427 | F9: =IF(E9<=15000,"Pass","Fail") | H9: Profile | I9: =COUNTIF($C$5:$C$49,H9) | J9: =ROUND(AVERAGEIF($C$5:$C$49,H9,$E$5:$E$49),0) | K9: =_xlfn.MINIFS($E$5:$E$49,$C$5:$C$49,H9) | L9: =_xlfn.MAXIFS($E$5:$E$49,$C$5:$C$49,H9)
A10: 1 | B10: 2 | C10: Game Map | D10: 1 | E10: 322 | F10: =IF(E10<=15000,"Pass","Fail") | H10: Home | I10: =COUNTIF($C$5:$C$49,H10) | J10: =ROUND(AVERAGEIF($C$5:$C$49,H10,$E$5:$E$49),0) | K10: =_xlfn.MINIFS($E$5:$E$49,$C$5:$C$49,H10) | L10: =_xlfn.MAXIFS($E$5:$E$49,$C$5:$C$49,H10)
A11: 1 | B11: 2 | C11: Learn | D11: 2 | E11: 382 | F11: =IF(E11<=15000,"Pass","Fail") | H11: All tabs | I11: =COUNT(E5:E49) | J11: =ROUND(AVERAGE(E5:E49),0) | K11: =MIN(E5:E49) | L11: =MAX(E5:E49)
A12: 1 | B12: 2 | C12: Wallet | D12: 3 | E12: 328 | F12: =IF(E12<=15000,"Pass","Fail")
A13: 1 | B13: 2 | C13: Profile | D13: 4 | E13: 409 | F13: =IF(E13<=15000,"Pass","Fail")
A14: 1 | B14: 2 | C14: Home | D14: 5 | E14: 379 | F14: =IF(E14<=15000,"Pass","Fail")
A15: 1 | B15: 3 | C15: Game Map | D15: 1 | E15: 290 | F15: =IF(E15<=15000,"Pass","Fail")
A16: 1 | B16: 3 | C16: Learn | D16: 2 | E16: 397 | F16: =IF(E16<=15000,"Pass","Fail")
A17: 1 | B17: 3 | C17: Wallet | D17: 3 | E17: 314 | F17: =IF(E17<=15000,"Pass","Fail")
A18: 1 | B18: 3 | C18: Profile | D18: 4 | E18: 369 | F18: =IF(E18<=15000,"Pass","Fail")
A19: 1 | B19: 3 | C19: Home | D19: 5 | E19: 316 | F19: =IF(E19<=15000,"Pass","Fail")
A20: 2 | B20: 1 | C20: Game Map | D20: 1 | E20: 448 | F20: =IF(E20<=15000,"Pass","Fail")
A21: 2 | B21: 1 | C21: Learn | D21: 2 | E21: 530 | F21: =IF(E21<=15000,"Pass","Fail")
A22: 2 | B22: 1 | C22: Wallet | D22: 3 | E22: 358 | F22: =IF(E22<=15000,"Pass","Fail")
A23: 2 | B23: 1 | C23: Profile | D23: 4 | E23: 416 | F23: =IF(E23<=15000,"Pass","Fail")
... A49: 3 | B49: 3 | C49: Home | D49: 5 | E49: 301 | F49: =IF(E49<=15000,"Pass","Fail")

Sheet Sustained play
A1: I-048 - sustained input on a live round
A2: Each cycle: type A-D-O-B-O, check all 5 letters are on the board, press erase 5 times, check they are gone. ENTER is never pressed.
A4: Run | B4: Cycles | C4: Key presses | D4: Total time (s) | E4: Time per cycle (s) | F4: Board mismatches | G4: Result
A5: 1 | B5: 50 | C5: 500 | D5: 61.53 | E5: =ROUND(D5/B5,2) | F5: 0 | G5: =IF(F5=0,"Pass","Fail")
A6: 2 | B6: 50 | C6: 500 | D6: 66.58 | E6: =ROUND(D6/B6,2) | F6: 0 | G6: =IF(F6=0,"Pass","Fail")
A7: 3 | B7: 50 | C7: 500 | D7: 62.73 | E7: =ROUND(D7/B7,2) | F7: 0 | G7: =IF(F7=0,"Pass","Fail")
A8: Total | B8: =SUM(B5:B7) | C8: =SUM(C5:C7) | D8: =SUM(D5:D7) | E8: =ROUND(D8/B8,2) | F8: =SUM(F5:F7)
A10: A mismatch stops the test at once (JUnit assertEquals), so a passed run means 0 mismatches across all its cycles.
A11: About 1.3 s per cycle includes the test tool reading the whole screen after every word and every erase; it is not how fast a player types.

Sheet How to rerun
A1: How to rerun
A3: 1. Sign in to Kusina Kode once on the device or emulator (the test never types a password).
A4: 2. From the app repo: ./gradlew installDebug installDebugAndroidTest
A5: 3. adb shell am instrument -w -e class com.example.kusinakode.GameNavigationStressTest ph.kusinakode.app.test/androidx.test.runner.AndroidJUnitRunner
A6: 4. Timings: adb logcat -d -s KKTEST
A7: Do not use connectedDebugAndroidTest: it uninstalls the app at the end, which signs the device out.
